CSR_bin,samples,mean_traj_rmse,mean_nliq_log_err,physics_violation_rate,AUROC
0.12-0.18,39,0.07622587,1.4610462,0.0,1.0
CSR<=0.12,37,0.08981033,2.6074278,0.0,1.0
CSR>0.25,14,0.38024807,0.36019725,0.0,
0.18-0.25,11,0.06651488,0.71886253,0.0,
