{
 "done": [
  "finalize",
  "grid",
  "seed0",
  "seed1",
  "seed2",
  "seed3",
  "seed4"
 ],
 "seed_val": {
  "0": {
   "worst": 0.424964964389801,
   "balanced": 0.2772766351699829,
   "global": 0.24330086287844446
  },
  "1": {
   "worst": 0.4250120222568512,
   "balanced": 0.27787095308303833,
   "global": 0.24514031016193233
  },
  "2": {
   "worst": 0.42500683665275574,
   "balanced": 0.2782508283853531,
   "global": 0.24672571660425838
  },
  "3": {
   "worst": 0.1706244796514511,
   "balanced": 0.13406029591957727,
   "global": 0.15302735178350393
  },
  "4": {
   "worst": 0.1846996694803238,
   "balanced": 0.13212894648313522,
   "global": 0.1613357306620348
  }
 }
}